{
  "metadata": {
    "implementation": "cog-cf-h100",
    "images": [
      "data/1.jpg",
      "data/2.jpg",
      "data/3.jpg",
      "data/4.jpg",
      "data/5.jpg",
      "data/6.jpg",
      "data/7.jpg",
      "data/8.jpg",
      "data/9.jpg",
      "data/10.jpg",
      "data/11.jpg",
      "data/12.jpg",
      "data/13.jpg",
      "data/14.jpg",
      "data/15.jpg",
      "data/16.jpg",
      "data/17.jpg",
      "data/18.jpg",
      "data/19.jpg",
      "data/20.jpg"
    ],
    "num_images": 20,
    "profiles": [
      "baseline",
      "fast",
      "max_speed"
    ],
    "warmup": 3,
    "repeats": 5,
    "params": {
      "codeformer_fidelity": 0.5,
      "background_enhance": true,
      "face_upsample": true,
      "upscale": 2,
      "output_format": "jpg"
    },
    "mode": "in_process",
    "total_elapsed_s": 525.82
  },
  "results": {
    "baseline": {
      "round_totals": {
        "num_samples": 5,
        "avg_ms": 11192.238124199503,
        "p50_ms": 11185.17385499581,
        "p95_ms": 11278.959064595983,
        "p99_ms": 11288.620992114884,
        "min_ms": 11091.477414003748,
        "max_ms": 11291.036473994609
      },
      "per_image": {
        "num_samples": 100,
        "avg_ms": 634.3310706798366,
        "p50_ms": 634.2256664902379,
        "p95_ms": 676.3356303490582,
        "p99_ms": 699.7378456245498,
        "min_ms": 568.6242550000316,
        "max_ms": 711.6458249874995
      },
      "throughput_img_per_s": 1.787,
      "stage_breakdown": {
        "read_ms": {
          "num_samples": 100,
          "avg_ms": 4.519105659419438,
          "p50_ms": 4.590247001033276,
          "p95_ms": 6.000059247890022,
          "p99_ms": 6.2038760120049155,
          "min_ms": 2.980044999276288,
          "max_ms": 6.949544993403833
        },
        "detect_ms": {
          "num_samples": 100,
          "avg_ms": 31.55506070012052,
          "p50_ms": 31.030574500618968,
          "p95_ms": 33.99725850504183,
          "p99_ms": 35.97530678620396,
          "min_ms": 30.267449001257773,
          "max_ms": 52.872111002216116
        },
        "align_ms": {
          "num_samples": 100,
          "avg_ms": 0.9776590701221721,
          "p50_ms": 1.0005024996644352,
          "p95_ms": 1.1437969544203952,
          "p99_ms": 1.2979449950216817,
          "min_ms": 0.6196409958647564,
          "max_ms": 1.547423998999875
        },
        "codeformer_ms": {
          "num_samples": 100,
          "avg_ms": 60.297806119924644,
          "p50_ms": 59.51198700131499,
          "p95_ms": 84.0855388512864,
          "p99_ms": 87.72963212140894,
          "min_ms": 39.067200996214524,
          "max_ms": 87.89626100042369
        },
        "bg_upsample_ms": {
          "num_samples": 100,
          "avg_ms": 105.41604020960222,
          "p50_ms": 106.39239250303945,
          "p95_ms": 112.82508645563212,
          "p99_ms": 113.27188281582494,
          "min_ms": 94.40078800253104,
          "max_ms": 114.27612099942053
        },
        "paste_ms": {
          "num_samples": 100,
          "avg_ms": 334.43079195028986,
          "p50_ms": 335.22475799691165,
          "p95_ms": 359.3911868538271,
          "p99_ms": 364.31010212218104,
          "min_ms": 295.52189700189047,
          "max_ms": 374.04775399772916
        },
        "parse_ms": {
          "num_samples": 100,
          "avg_ms": 75.06183176024933,
          "p50_ms": 72.34265750230406,
          "p95_ms": 88.46770815289347,
          "p99_ms": 90.4722023857903,
          "min_ms": 63.89854900044156,
          "max_ms": 91.36888400098542
        },
        "write_ms": {
          "num_samples": 100,
          "avg_ms": 22.072775210108375,
          "p50_ms": 21.949683505226858,
          "p95_ms": 22.78849354624981,
          "p99_ms": 24.209911049983965,
          "min_ms": 21.08482099720277,
          "max_ms": 30.9181560005527
        },
        "total_ms": {
          "num_samples": 100,
          "avg_ms": 634.3310706798366,
          "p50_ms": 634.2256664902379,
          "p95_ms": 676.3356303490582,
          "p99_ms": 699.7378456245498,
          "min_ms": 568.6242550000316,
          "max_ms": 711.6458249874995
        }
      }
    },
    "fast": {
      "round_totals": {
        "num_samples": 5,
        "avg_ms": 10011.86481740151,
        "p50_ms": 9995.907172000443,
        "p95_ms": 10111.231452405627,
        "p99_ms": 10119.441386486578,
        "min_ms": 9926.344055995287,
        "max_ms": 10121.493870006816
      },
      "per_image": {
        "num_samples": 100,
        "avg_ms": 630.9561047693569,
        "p50_ms": 633.0583025010128,
        "p95_ms": 692.9029439506849,
        "p99_ms": 698.7751366721933,
        "min_ms": 561.3937220041407,
        "max_ms": 711.0241760019562
      },
      "throughput_img_per_s": 1.998,
      "stage_breakdown": {
        "read_ms": {
          "num_samples": 100,
          "avg_ms": 4.517555479687871,
          "p50_ms": 4.675488999055233,
          "p95_ms": 5.716448102975845,
          "p99_ms": 6.072640206693913,
          "min_ms": 2.982056998007465,
          "max_ms": 7.773281999106985
        },
        "detect_ms": {
          "num_samples": 100,
          "avg_ms": 33.37484551004309,
          "p50_ms": 33.029812500899425,
          "p95_ms": 35.76264844996331,
          "p99_ms": 36.21216737599753,
          "min_ms": 32.040086000051815,
          "max_ms": 36.85540799779119
        },
        "align_ms": {
          "num_samples": 100,
          "avg_ms": 1.1108087599859573,
          "p50_ms": 1.0897614956775215,
          "p95_ms": 1.1761424510041252,
          "p99_ms": 1.5510331543919247,
          "min_ms": 0.8240769966505468,
          "max_ms": 3.1428689981112257
        },
        "codeformer_ms": {
          "num_samples": 100,
          "avg_ms": 56.94701546985016,
          "p50_ms": 58.56842250068439,
          "p95_ms": 74.15199515016866,
          "p99_ms": 80.75500958315388,
          "min_ms": 39.25664199778112,
          "max_ms": 80.99098399543436
        },
        "bg_upsample_ms": {
          "num_samples": 100,
          "avg_ms": 128.53343002003385,
          "p50_ms": 130.80537499990896,
          "p95_ms": 148.495805451239,
          "p99_ms": 151.9740891877882,
          "min_ms": 104.14249500172446,
          "max_ms": 152.64027899684152
        },
        "paste_ms": {
          "num_samples": 100,
          "avg_ms": 310.9543609798129,
          "p50_ms": 311.01369399766554,
          "p95_ms": 334.88816829667485,
          "p99_ms": 344.3869185486256,
          "min_ms": 276.459430999239,
          "max_ms": 350.6018959960784
        },
        "parse_ms": {
          "num_samples": 100,
          "avg_ms": 73.76611251027498,
          "p50_ms": 69.65738600410987,
          "p95_ms": 88.54077720352507,
          "p99_ms": 92.39415913471022,
          "min_ms": 64.15179100440582,
          "max_ms": 94.18933899723925
        },
        "write_ms": {
          "num_samples": 100,
          "avg_ms": 21.75197603966808,
          "p50_ms": 21.679250501620118,
          "p95_ms": 22.68141319946153,
          "p99_ms": 22.839646372231083,
          "min_ms": 20.882573997369036,
          "max_ms": 24.736720995861106
        },
        "total_ms": {
          "num_samples": 100,
          "avg_ms": 630.9561047693569,
          "p50_ms": 633.0583025010128,
          "p95_ms": 692.9029439506849,
          "p99_ms": 698.7751366721933,
          "min_ms": 561.3937220041407,
          "max_ms": 711.0241760019562
        }
      }
    },
    "max_speed": {
      "round_totals": {
        "num_samples": 5,
        "avg_ms": 7790.956784598529,
        "p50_ms": 7795.001074999163,
        "p95_ms": 7814.093296197825,
        "p99_ms": 7814.892999237054,
        "min_ms": 7747.395490994677,
        "max_ms": 7815.092924996861
      },
      "per_image": {
        "num_samples": 100,
        "avg_ms": 445.3777133898984,
        "p50_ms": 440.4755999967165,